{
  "meta": {
    "timestamp_utc": "2025-09-18T17:13:58Z",
    "file": "fast.json",
    "arch": "1.0.0",
    "n_features": 784,
    "hidden": 64,
    "n_classes": 10,
    "centered_eval": true,
    "n_test": 10000
  },
  "metrics": {
    "n_samples": 10000,
    "accuracy": 0.8389,
    "top3_accuracy": 0.9556,
    "nll": 0.5448230422973633,
    "per_class_accuracy": [
      0.9561224579811096,
      0.9955947399139404,
      0.9108527302742004,
      0.696039617061615,
      0.8869653940200806,
      0.9697309136390686,
      0.9217119216918945,
      0.9747081995010376,
      0.31211498379707336,
      0.7472745180130005
    ],
    "precision": [
      0.9610256552696228,
      0.6573589444160461,
      0.8592321872711182,
      0.9804741740226746,
      0.9477693438529968,
      0.7178423404693604,
      0.9453961253166199,
      0.7405765056610107,
      1.0,
      0.9666666388511658
    ],
    "recall": [
      0.9561224579811096,
      0.9955947399139404,
      0.9108527302742004,
      0.696039617061615,
      0.8869653940200806,
      0.9697309136390686,
      0.9217119216918945,
      0.9747081995010376,
      0.31211498379707336,
      0.7472745180130005
    ],
    "f1": [
      0.9585677865454794,
      0.791871077212037,
      0.884289760290931,
      0.8141285472923788,
      0.9163598335585446,
      0.8249880791574028,
      0.9334038068356942,
      0.8416631830893854,
      0.4757433420870741,
      0.8429289929047444
    ],
    "macro_f1": 0.8283944408973671,
    "weighted_f1": 0.828210166019685,
    "confusion_matrix": [
      [
        937,
        0,
        1,
        0,
        0,
        19,
        8,
        15,
        0,
        0
      ],
      [
        0,
        1130,
        3,
        0,
        0,
        1,
        1,
        0,
        0,
        0
      ],
      [
        4,
        50,
        940,
        1,
        0,
        5,
        1,
        31,
        0,
        0
      ],
      [
        0,
        100,
        53,
        703,
        0,
        99,
        2,
        51,
        0,
        2
      ],
      [
        2,
        32,
        18,
        0,
        871,
        25,
        9,
        16,
        0,
        9
      ],
      [
        3,
        13,
        2,
        0,
        0,
        865,
        4,
        5,
        0,
        0
      ],
      [
        5,
        27,
        12,
        0,
        1,
        26,
        883,
        4,
        0,
        0
      ],
      [
        0,
        22,
        2,
        0,
        0,
        2,
        0,
        1002,
        0,
        0
      ],
      [
        16,
        321,
        58,
        10,
        16,
        135,
        25,
        74,
        304,
        15
      ],
      [
        8,
        24,
        5,
        3,
        31,
        28,
        1,
        155,
        0,
        754
      ]
    ],
    "supports": [
      980.0,
      1135.0,
      1032.0,
      1010.0,
      982.0,
      892.0,
      958.0,
      1028.0,
      974.0,
      1009.0
    ]
  }
}