{
  "meta": {
    "timestamp_utc": "2025-09-18T00:24:49Z",
    "file": "mlp_p2.json",
    "arch": "mlp_p1",
    "n_features": 784,
    "hidden": 256,
    "n_classes": 10,
    "centered_eval": true,
    "n_test": 10000
  },
  "metrics": {
    "n_samples": 10000,
    "accuracy": 0.9044,
    "top3_accuracy": 0.9688,
    "nll": 0.425743022441864,
    "per_class_accuracy": [
      0.9642857313156128,
      0.9973568320274353,
      0.934108555316925,
      0.8990098834037781,
      0.9643584489822388,
      0.9798206090927124,
      0.9530271291732788,
      0.9824903011322021,
      0.41889116168022156,
      0.9345887303352356
    ],
    "precision": [
      0.982328474521637,
      0.8280907273292542,
      0.919847309589386,
      0.9732047319412231,
      0.9422885775566101,
      0.7824530005455017,
      0.980665922164917,
      0.849453330039978,
      1.0,
      0.9067307710647583
    ],
    "recall": [
      0.9642857313156128,
      0.9973568320274353,
      0.934108555316925,
      0.8990098834037781,
      0.9643584489822388,
      0.9798206090927124,
      0.9530271291732788,
      0.9824903011322021,
      0.41889116168022156,
      0.9345887303352356
    ],
    "f1": [
      0.9732234857896062,
      0.9048761112934494,
      0.926923081328177,
      0.9346371568937449,
      0.9531957813877588,
      0.8700846127274255,
      0.9666490013315341,
      0.9111411987002233,
      0.5904486164875103,
      0.9204490143519255
    ],
    "macro_f1": 0.8951628060291356,
    "weighted_f1": 0.896004818614025,
    "confusion_matrix": [
      [
        945,
        0,
        2,
        0,
        2,
        10,
        3,
        17,
        0,
        1
      ],
      [
        0,
        1132,
        2,
        0,
        0,
        1,
        0,
        0,
        0,
        0
      ],
      [
        3,
        35,
        964,
        1,
        2,
        3,
        2,
        21,
        0,
        1
      ],
      [
        0,
        25,
        10,
        908,
        2,
        29,
        0,
        21,
        0,
        15
      ],
      [
        1,
        4,
        4,
        0,
        947,
        5,
        1,
        8,
        0,
        12
      ],
      [
        1,
        4,
        0,
        4,
        0,
        874,
        2,
        4,
        0,
        3
      ],
      [
        5,
        14,
        5,
        0,
        3,
        11,
        913,
        7,
        0,
        0
      ],
      [
        0,
        13,
        5,
        0,
        0,
        0,
        0,
        1010,
        0,
        0
      ],
      [
        7,
        134,
        56,
        19,
        41,
        178,
        9,
        57,
        408,
        65
      ],
      [
        0,
        6,
        0,
        1,
        8,
        6,
        1,
        44,
        0,
        943
      ]
    ],
    "supports": [
      980.0,
      1135.0,
      1032.0,
      1010.0,
      982.0,
      892.0,
      958.0,
      1028.0,
      974.0,
      1009.0
    ]
  }
}