{
  "meta": {
    "timestamp_utc": "2025-09-18T16:08:37Z",
    "file": "mlp_p2.1.json",
    "arch": "mlp_p2",
    "n_features": 784,
    "hidden": 256,
    "n_classes": 10,
    "centered_eval": true,
    "n_test": 10000
  },
  "metrics": {
    "n_samples": 10000,
    "accuracy": 0.9304,
    "top3_accuracy": 0.9852,
    "nll": 0.6949979139328003,
    "per_class_accuracy": [
      0.9734693765640259,
      0.9973568320274353,
      0.9534883499145508,
      0.9287128448486328,
      0.9704684615135193,
      0.9798206090927124,
      0.9613778591156006,
      0.981517493724823,
      0.5965092182159424,
      0.9494549036026001
    ],
    "precision": [
      0.986556351184845,
      0.9271089434623718,
      0.9461538195610046,
      0.9474747180938721,
      0.9597180485725403,
      0.7923843860626221,
      0.9808306694030762,
      0.8984861969947815,
      1.0,
      0.9185042977333069
    ],
    "recall": [
      0.9734693765640259,
      0.9973568320274353,
      0.9534883499145508,
      0.9287128448486328,
      0.9704684615135193,
      0.9798206090927124,
      0.9613778591156006,
      0.981517493724823,
      0.5965092182159424,
      0.9494549036026001
    ],
    "f1": [
      0.9799691734008102,
      0.9609507745707699,
      0.9498069254038853,
      0.9379999721169472,
      0.9650633171645404,
      0.8761904564199494,
      0.9710068463398606,
      0.9381682861304496,
      0.7472668637422913,
      0.9337231871437739
    ],
    "macro_f1": 0.9260145802433278,
    "weighted_f1": 0.9272509880556467,
    "confusion_matrix": [
      [
        954,
        1,
        1,
        0,
        2,
        9,
        3,
        9,
        0,
        1
      ],
      [
        0,
        1132,
        1,
        0,
        0,
        1,
        0,
        1,
        0,
        0
      ],
      [
        3,
        19,
        984,
        0,
        2,
        5,
        2,
        16,
        0,
        1
      ],
      [
        0,
        9,
        9,
        938,
        0,
        31,
        0,
        11,
        0,
        12
      ],
      [
        0,
        1,
        2,
        0,
        953,
        6,
        2,
        5,
        0,
        13
      ],
      [
        1,
        1,
        0,
        6,
        0,
        874,
        3,
        4,
        0,
        3
      ],
      [
        4,
        6,
        2,
        0,
        4,
        17,
        921,
        4,
        0,
        0
      ],
      [
        0,
        10,
        8,
        0,
        0,
        0,
        0,
        1009,
        0,
        1
      ],
      [
        5,
        39,
        33,
        45,
        23,
        152,
        7,
        35,
        581,
        54
      ],
      [
        0,
        3,
        0,
        1,
        9,
        8,
        1,
        29,
        0,
        958
      ]
    ],
    "supports": [
      980.0,
      1135.0,
      1032.0,
      1010.0,
      982.0,
      892.0,
      958.0,
      1028.0,
      974.0,
      1009.0
    ]
  }
}