{
  "meta": {
    "timestamp_utc": "2025-09-18T18:06:48Z",
    "file": "p1.json",
    "arch": "1.1.0",
    "n_features": 784,
    "hidden": 128,
    "n_classes": 10,
    "centered_eval": true,
    "n_test": 10000
  },
  "metrics": {
    "n_samples": 10000,
    "accuracy": 0.8834,
    "top3_accuracy": 0.9764,
    "nll": 0.4215757185459137,
    "per_class_accuracy": [
      0.9520407915115356,
      0.9991189241409302,
      0.8827519416809082,
      0.894059419631958,
      0.9134419560432434,
      0.9607623219490051,
      0.9091858267784119,
      0.9503890872001648,
      0.47535935044288635,
      0.8800792694091797
    ],
    "precision": [
      0.9883474707603455,
      0.6356502175331116,
      0.9469854235649109,
      0.9657754302024841,
      0.9686825275421143,
      0.8552893996238708,
      0.9808558821678162,
      0.8400688171386719,
      1.0,
      0.9517685174942017
    ],
    "recall": [
      0.9520407915115356,
      0.9991189241409302,
      0.8827519416809082,
      0.894059419631958,
      0.9134419560432434,
      0.9607623219490051,
      0.9091858267784119,
      0.9503890872001648,
      0.47535935044288635,
      0.8800792694091797
    ],
    "f1": [
      0.9698544633014906,
      0.7769784066529217,
      0.913741214748746,
      0.9285347252187479,
      0.940251583208155,
      0.904963024741722,
      0.9436619964079171,
      0.8918302232864472,
      0.6443980584122625,
      0.9145211163411308
    ],
    "macro_f1": 0.8828734812319541,
    "weighted_f1": 0.8814908121837189,
    "confusion_matrix": [
      [
        933,
        7,
        7,
        0,
        0,
        14,
        4,
        14,
        0,
        1
      ],
      [
        0,
        1134,
        0,
        0,
        0,
        1,
        0,
        0,
        0,
        0
      ],
      [
        1,
        86,
        911,
        6,
        1,
        3,
        0,
        24,
        0,
        0
      ],
      [
        0,
        72,
        3,
        903,
        1,
        10,
        0,
        17,
        0,
        4
      ],
      [
        0,
        42,
        6,
        0,
        897,
        5,
        4,
        16,
        0,
        12
      ],
      [
        1,
        22,
        0,
        2,
        0,
        857,
        2,
        4,
        0,
        4
      ],
      [
        3,
        54,
        5,
        1,
        3,
        18,
        871,
        3,
        0,
        0
      ],
      [
        0,
        47,
        3,
        0,
        0,
        0,
        0,
        977,
        0,
        1
      ],
      [
        6,
        285,
        27,
        19,
        13,
        88,
        6,
        44,
        463,
        23
      ],
      [
        0,
        35,
        0,
        4,
        11,
        6,
        1,
        64,
        0,
        888
      ]
    ],
    "supports": [
      980.0,
      1135.0,
      1032.0,
      1010.0,
      982.0,
      892.0,
      958.0,
      1028.0,
      974.0,
      1009.0
    ]
  }
}