{
  "meta": {
    "timestamp_utc": "2025-09-18T17:13:58Z",
    "file": "p2.1.json",
    "arch": "1.2.1",
    "n_features": 784,
    "hidden": 256,
    "n_classes": 10,
    "centered_eval": true,
    "n_test": 10000
  },
  "metrics": {
    "n_samples": 10000,
    "accuracy": 0.912,
    "top3_accuracy": 0.9766,
    "nll": 0.6809477370262146,
    "per_class_accuracy": [
      0.9612244963645935,
      0.9982379078865051,
      0.9467054009437561,
      0.8861386179924011,
      0.981670081615448,
      0.9831838607788086,
      0.9603340029716492,
      0.981517493724823,
      0.5184804797172546,
      0.8899900913238525
    ],
    "precision": [
      0.9905362725257874,
      0.8796584010124207,
      0.9513145089149475,
      0.9634014964103699,
      0.8975791335105896,
      0.7754200100898743,
      0.9663865566253662,
      0.8543606996536255,
      0.9980236887931824,
      0.9344432950019836
    ],
    "recall": [
      0.9612244963645935,
      0.9982379078865051,
      0.9467054009437561,
      0.8861386179924011,
      0.981670081615448,
      0.9831838607788086,
      0.9603340029716492,
      0.981517493724823,
      0.5184804797172546,
      0.8899900913238525
    ],
    "f1": [
      0.9756602805688808,
      0.9352043110370581,
      0.949004358603365,
      0.9231562634980364,
      0.9377431946305942,
      0.86702918363158,
      0.9633507731252258,
      0.9135355228745828,
      0.6824324148649539,
      0.9116751312368812
    ],
    "macro_f1": 0.9058791434071158,
    "weighted_f1": 0.9070192078788382,
    "confusion_matrix": [
      [
        942,
        1,
        4,
        0,
        4,
        8,
        3,
        17,
        0,
        1
      ],
      [
        0,
        1133,
        0,
        0,
        0,
        1,
        0,
        1,
        0,
        0
      ],
      [
        1,
        16,
        977,
        1,
        10,
        4,
        3,
        19,
        0,
        1
      ],
      [
        0,
        22,
        6,
        895,
        1,
        49,
        0,
        23,
        0,
        14
      ],
      [
        0,
        1,
        0,
        0,
        964,
        3,
        1,
        7,
        0,
        6
      ],
      [
        2,
        2,
        0,
        1,
        1,
        877,
        3,
        4,
        1,
        1
      ],
      [
        3,
        7,
        2,
        0,
        6,
        17,
        920,
        3,
        0,
        0
      ],
      [
        0,
        14,
        5,
        0,
        0,
        0,
        0,
        1009,
        0,
        0
      ],
      [
        3,
        86,
        33,
        30,
        47,
        161,
        21,
        48,
        505,
        40
      ],
      [
        0,
        6,
        0,
        2,
        41,
        11,
        1,
        50,
        0,
        898
      ]
    ],
    "supports": [
      980.0,
      1135.0,
      1032.0,
      1010.0,
      982.0,
      892.0,
      958.0,
      1028.0,
      974.0,
      1009.0
    ]
  }
}