{
  "meta": {
    "timestamp_utc": "2025-09-18T18:57:21Z",
    "file": "p3.1.json",
    "arch": "1.3.1",
    "n_features": 784,
    "hidden": 512,
    "n_classes": 10,
    "centered_eval": true,
    "n_test": 10000
  },
  "metrics": {
    "n_samples": 10000,
    "accuracy": 0.9402,
    "top3_accuracy": 0.99,
    "nll": 0.4541552975654602,
    "per_class_accuracy": [
      0.9785714149475098,
      0.992951512336731,
      0.944767415523529,
      0.9445544481277466,
      0.9725050926208496,
      0.9843049049377441,
      0.968684732913971,
      0.9785992503166199,
      0.7084189057350159,
      0.9217046499252319
    ],
    "precision": [
      0.9856114983558655,
      0.9526627063751221,
      0.9587020874023438,
      0.9607250690460205,
      0.9607645869255066,
      0.8182665705680847,
      0.9768421053886414,
      0.8801400065422058,
      1.0,
      0.9451219439506531
    ],
    "recall": [
      0.9785714149475098,
      0.992951512336731,
      0.944767415523529,
      0.9445544481277466,
      0.9725050926208496,
      0.9843049049377441,
      0.968684732913971,
      0.9785992503166199,
      0.7084189057350159,
      0.9217046499252319
    ],
    "f1": [
      0.9820788400124579,
      0.9723899691360923,
      0.9516837458965032,
      0.9525711363772483,
      0.9665991904596238,
      0.8936386821840043,
      0.9727463176843975,
      0.9267618870130584,
      0.8293269330571259,
      0.9332664247910404
    ],
    "macro_f1": 0.9381063126611554,
    "weighted_f1": 0.9390692908830246,
    "confusion_matrix": [
      [
        959,
        1,
        1,
        0,
        1,
        8,
        1,
        9,
        0,
        0
      ],
      [
        0,
        1127,
        3,
        0,
        0,
        2,
        1,
        1,
        0,
        1
      ],
      [
        4,
        17,
        975,
        1,
        4,
        4,
        3,
        23,
        0,
        1
      ],
      [
        1,
        3,
        4,
        954,
        0,
        29,
        1,
        12,
        0,
        6
      ],
      [
        0,
        1,
        1,
        0,
        955,
        2,
        5,
        5,
        0,
        13
      ],
      [
        1,
        0,
        0,
        5,
        0,
        878,
        1,
        4,
        0,
        3
      ],
      [
        1,
        3,
        2,
        0,
        4,
        17,
        928,
        3,
        0,
        0
      ],
      [
        0,
        8,
        6,
        1,
        0,
        1,
        0,
        1006,
        0,
        6
      ],
      [
        6,
        21,
        25,
        31,
        13,
        124,
        10,
        30,
        690,
        24
      ],
      [
        1,
        2,
        0,
        1,
        17,
        8,
        0,
        50,
        0,
        930
      ]
    ],
    "supports": [
      980.0,
      1135.0,
      1032.0,
      1010.0,
      982.0,
      892.0,
      958.0,
      1028.0,
      974.0,
      1009.0
    ]
  }
}