{
  "meta": {
    "timestamp_utc": "2025-09-18T17:13:58Z",
    "file": "p3.json",
    "arch": "1.3.0",
    "n_features": 784,
    "hidden": 512,
    "n_classes": 10,
    "centered_eval": true,
    "n_test": 10000
  },
  "metrics": {
    "n_samples": 10000,
    "accuracy": 0.9008,
    "top3_accuracy": 0.979,
    "nll": 0.4388300192832947,
    "per_class_accuracy": [
      0.9438775777816772,
      0.9964757561683655,
      0.9215116500854492,
      0.909900963306427,
      0.958248496055603,
      0.9831838607788086,
      0.9540709853172302,
      0.9824903011322021,
      0.5554414987564087,
      0.7918731570243835
    ],
    "precision": [
      0.9871931672096252,
      0.8787878751754761,
      0.9360235929489136,
      0.976620614528656,
      0.9533941149711609,
      0.7659388780593872,
      0.9682203531265259,
      0.7442888617515564,
      1.0,
      0.9455621242523193
    ],
    "recall": [
      0.9438775777816772,
      0.9964757561683655,
      0.9215116500854492,
      0.909900963306427,
      0.958248496055603,
      0.9831838607788086,
      0.9540709853172302,
      0.9824903011322021,
      0.5554414987564087,
      0.7918731570243835
    ],
    "f1": [
      0.9650495694010839,
      0.9339388849551151,
      0.9287109344404592,
      0.9420809688954657,
      0.9558151419617911,
      0.8610702114034775,
      0.9610935947508031,
      0.8469601714331743,
      0.7141914359369862,
      0.8619201792013323
    ],
    "macro_f1": 0.8970831092379689,
    "weighted_f1": 0.8979088412763815,
    "confusion_matrix": [
      [
        925,
        1,
        2,
        0,
        1,
        11,
        4,
        36,
        0,
        0
      ],
      [
        0,
        1131,
        3,
        0,
        0,
        1,
        0,
        0,
        0,
        0
      ],
      [
        3,
        42,
        951,
        0,
        2,
        4,
        2,
        27,
        0,
        1
      ],
      [
        0,
        12,
        4,
        919,
        0,
        45,
        0,
        20,
        0,
        10
      ],
      [
        0,
        5,
        0,
        0,
        941,
        7,
        8,
        14,
        0,
        7
      ],
      [
        1,
        0,
        0,
        3,
        0,
        877,
        2,
        6,
        0,
        3
      ],
      [
        3,
        6,
        4,
        0,
        4,
        20,
        914,
        7,
        0,
        0
      ],
      [
        0,
        13,
        5,
        0,
        0,
        0,
        0,
        1010,
        0,
        0
      ],
      [
        5,
        70,
        47,
        18,
        21,
        172,
        14,
        61,
        541,
        25
      ],
      [
        0,
        7,
        0,
        1,
        18,
        8,
        0,
        176,
        0,
        799
      ]
    ],
    "supports": [
      980.0,
      1135.0,
      1032.0,
      1010.0,
      982.0,
      892.0,
      958.0,
      1028.0,
      974.0,
      1009.0
    ]
  }
}