{
  "meta": {
    "timestamp_utc": "2025-09-18T18:57:21Z",
    "file": "p4.json",
    "arch": "2.0.0",
    "n_features": 784,
    "hidden": 128,
    "n_classes": 10,
    "centered_eval": true,
    "n_test": 10000
  },
  "metrics": {
    "n_samples": 10000,
    "accuracy": 0.9764,
    "top3_accuracy": 0.9981,
    "nll": 0.200890500831604,
    "per_class_accuracy": [
      0.9918367266654968,
      0.9947136640548706,
      0.979651153087616,
      0.9782178401947021,
      0.9592667818069458,
      0.9719731211662292,
      0.9812108278274536,
      0.9688715934753418,
      0.9681724905967712,
      0.9672943353652954
    ],
    "precision": [
      0.9848024249076843,
      0.9783362150192261,
      0.9749276638031006,
      0.9686274528503418,
      0.9832985401153564,
      0.9852272868156433,
      0.9863588809967041,
      0.9783890247344971,
      0.9802494645118713,
      0.9466537237167358
    ],
    "recall": [
      0.9918367266654968,
      0.9947136640548706,
      0.979651153087616,
      0.9782178401947021,
      0.9592667818069458,
      0.9719731211662292,
      0.9812108278274536,
      0.9688715934753418,
      0.9681724905967712,
      0.9672943353652954
    ],
    "f1": [
      0.9883070592376847,
      0.9864569684128107,
      0.9772837009878671,
      0.9733990248383174,
      0.9711340107714056,
      0.9785553253708559,
      0.9837781195931511,
      0.973607050405769,
      0.9741735489833273,
      0.9568627321504712
    ],
    "macro_f1": 0.976355754075166,
    "weighted_f1": 0.976403134035293,
    "confusion_matrix": [
      [
        972,
        2,
        1,
        0,
        1,
        0,
        2,
        1,
        1,
        0
      ],
      [
        0,
        1129,
        4,
        0,
        0,
        0,
        2,
        0,
        0,
        0
      ],
      [
        2,
        0,
        1011,
        2,
        2,
        0,
        1,
        6,
        8,
        0
      ],
      [
        0,
        0,
        7,
        988,
        1,
        5,
        0,
        3,
        4,
        2
      ],
      [
        0,
        1,
        1,
        0,
        942,
        0,
        4,
        1,
        0,
        33
      ],
      [
        2,
        1,
        1,
        12,
        0,
        867,
        1,
        2,
        3,
        3
      ],
      [
        7,
        5,
        0,
        0,
        2,
        3,
        940,
        0,
        1,
        0
      ],
      [
        1,
        8,
        10,
        2,
        1,
        0,
        0,
        996,
        0,
        10
      ],
      [
        1,
        4,
        2,
        5,
        4,
        3,
        2,
        3,
        943,
        7
      ],
      [
        2,
        4,
        0,
        11,
        5,
        2,
        1,
        6,
        2,
        976
      ]
    ],
    "supports": [
      980.0,
      1135.0,
      1032.0,
      1010.0,
      982.0,
      892.0,
      958.0,
      1028.0,
      974.0,
      1009.0
    ]
  }
}