{
  "meta": {
    "timestamp_utc": "2025-09-18T18:57:21Z",
    "file": "p5.1.json",
    "arch": "2.1.1",
    "n_features": 784,
    "hidden": 256,
    "n_classes": 10,
    "centered_eval": true,
    "n_test": 10000
  },
  "metrics": {
    "n_samples": 10000,
    "accuracy": 0.9883,
    "top3_accuracy": 0.9994,
    "nll": 0.1516080607175827,
    "per_class_accuracy": [
      0.9938775300979614,
      0.9973568320274353,
      0.9835271239280701,
      0.9900990128517151,
      0.9837067127227783,
      0.9887892603874207,
      0.9895615577697754,
      0.981517493724823,
      0.987679660320282,
      0.9861248731613159
    ],
    "precision": [
      0.9858299493789673,
      0.9921121597290039,
      0.9854369163513184,
      0.9910802841186523,
      0.9948506951332092,
      0.9876819849014282,
      0.9926701784133911,
      0.981517493724823,
      0.991752564907074,
      0.9802955389022827
    ],
    "recall": [
      0.9938775300979614,
      0.9973568320274353,
      0.9835271239280701,
      0.9900990128517151,
      0.9837067127227783,
      0.9887892603874207,
      0.9895615577697754,
      0.981517493724823,
      0.987679660320282,
      0.9861248731613159
    ],
    "f1": [
      0.9898373828887529,
      0.9947275828306597,
      0.9844810939401737,
      0.990589405475048,
      0.9892473203695813,
      0.988235312480792,
      0.9911134305556157,
      0.981517493724823,
      0.9897119223838834,
      0.9832015656775559
    ],
    "macro_f1": 0.9882662510326885,
    "weighted_f1": 0.9882999439747584,
    "confusion_matrix": [
      [
        974,
        0,
        0,
        0,
        1,
        0,
        1,
        2,
        2,
        0
      ],
      [
        0,
        1132,
        3,
        0,
        0,
        0,
        0,
        0,
        0,
        0
      ],
      [
        4,
        0,
        1015,
        1,
        1,
        0,
        0,
        8,
        2,
        1
      ],
      [
        1,
        0,
        1,
        1000,
        0,
        2,
        0,
        3,
        3,
        0
      ],
      [
        0,
        0,
        0,
        0,
        966,
        0,
        2,
        1,
        0,
        13
      ],
      [
        2,
        0,
        0,
        4,
        0,
        882,
        3,
        1,
        0,
        0
      ],
      [
        3,
        3,
        0,
        0,
        1,
        3,
        948,
        0,
        0,
        0
      ],
      [
        1,
        5,
        9,
        0,
        0,
        0,
        0,
        1009,
        0,
        4
      ],
      [
        2,
        0,
        2,
        2,
        0,
        3,
        0,
        1,
        962,
        2
      ],
      [
        1,
        1,
        0,
        2,
        2,
        3,
        1,
        3,
        1,
        995
      ]
    ],
    "supports": [
      980.0,
      1135.0,
      1032.0,
      1010.0,
      982.0,
      892.0,
      958.0,
      1028.0,
      974.0,
      1009.0
    ]
  }
}