{
  "meta": {
    "timestamp_utc": "2025-09-18T18:06:48Z",
    "file": "p5.json",
    "arch": "2.1.0",
    "n_features": 784,
    "hidden": 256,
    "n_classes": 10,
    "centered_eval": true,
    "n_test": 10000
  },
  "metrics": {
    "n_samples": 10000,
    "accuracy": 0.9816,
    "top3_accuracy": 0.9989,
    "nll": 0.18141255321502686,
    "per_class_accuracy": [
      0.9908163547515869,
      0.9955947399139404,
      0.9806201457977295,
      0.9841583967208862,
      0.9745417237281799,
      0.9831838607788086,
      0.9853861927986145,
      0.9678988456726074,
      0.978439450263977,
      0.9742318987846375
    ],
    "precision": [
      0.9837892651557922,
      0.9826086759567261,
      0.9815713167190552,
      0.9745097756385803,
      0.9876161217689514,
      0.9842873215675354,
      0.9864158630371094,
      0.9822310209274292,
      0.9855222105979919,
      0.9684728980064392
    ],
    "recall": [
      0.9908163547515869,
      0.9955947399139404,
      0.9806201457977295,
      0.9841583967208862,
      0.9745417237281799,
      0.9831838607788086,
      0.9853861927986145,
      0.9678988456726074,
      0.978439450263977,
      0.9742318987846375
    ],
    "f1": [
      0.98729030619403,
      0.9890590839423333,
      0.9810955007186772,
      0.9793103210800335,
      0.9810353635913549,
      0.983735281733897,
      0.9859007590722146,
      0.975012267256835,
      0.9819680589255756,
      0.9713438623353973
    ],
    "macro_f1": 0.9815750804850347,
    "weighted_f1": 0.9815917524151687,
    "confusion_matrix": [
      [
        971,
        2,
        1,
        0,
        1,
        1,
        3,
        1,
        0,
        0
      ],
      [
        0,
        1130,
        4,
        0,
        0,
        0,
        1,
        0,
        0,
        0
      ],
      [
        4,
        1,
        1012,
        2,
        1,
        0,
        0,
        6,
        6,
        0
      ],
      [
        0,
        0,
        1,
        994,
        0,
        4,
        0,
        5,
        5,
        1
      ],
      [
        1,
        0,
        0,
        0,
        957,
        0,
        5,
        1,
        0,
        18
      ],
      [
        3,
        0,
        0,
        6,
        0,
        877,
        2,
        1,
        2,
        1
      ],
      [
        4,
        4,
        0,
        0,
        3,
        3,
        944,
        0,
        0,
        0
      ],
      [
        1,
        10,
        11,
        1,
        1,
        0,
        0,
        995,
        1,
        8
      ],
      [
        2,
        0,
        2,
        4,
        4,
        2,
        1,
        2,
        953,
        4
      ],
      [
        1,
        3,
        0,
        13,
        2,
        4,
        1,
        2,
        0,
        983
      ]
    ],
    "supports": [
      980.0,
      1135.0,
      1032.0,
      1010.0,
      982.0,
      892.0,
      958.0,
      1028.0,
      974.0,
      1009.0
    ]
  }
}