{
  "meta": {
    "timestamp_utc": "2025-09-18T18:06:48Z",
    "file": "p6.1.json",
    "arch": "2.2.1",
    "n_features": 784,
    "hidden": 512,
    "n_classes": 10,
    "centered_eval": true,
    "n_test": 10000
  },
  "metrics": {
    "n_samples": 10000,
    "accuracy": 0.9894,
    "top3_accuracy": 0.9998,
    "nll": 0.14004358265399933,
    "per_class_accuracy": [
      0.9928571581840515,
      0.9955947399139404,
      0.9864341020584106,
      0.9950494766235352,
      0.9826883673667908,
      0.9910314083099365,
      0.9906054139137268,
      0.9844357967376709,
      0.9887063503265381,
      0.9861248731613159
    ],
    "precision": [
      0.9888211488723755,
      0.992098331451416,
      0.9883494973182678,
      0.9930830001831055,
      0.9907597303390503,
      0.9954954981803894,
      0.991640567779541,
      0.9815713167190552,
      0.9876922965049744,
      0.9851484894752502
    ],
    "recall": [
      0.9928571581840515,
      0.9955947399139404,
      0.9864341020584106,
      0.9950494766235352,
      0.9826883673667908,
      0.9910314083099365,
      0.9906054139137268,
      0.9844357967376709,
      0.9887063503265381,
      0.9861248731613159
    ],
    "f1": [
      0.9908350435344002,
      0.9938434605418748,
      0.9873908707918762,
      0.9940652658751724,
      0.9867075429969252,
      0.9932584374313055,
      0.9911227205614281,
      0.9830014699490933,
      0.988199063269567,
      0.985636439513894
    ],
    "macro_f1": 0.9894060314465536,
    "weighted_f1": 0.989399143348118,
    "confusion_matrix": [
      [
        973,
        0,
        0,
        1,
        0,
        0,
        2,
        1,
        3,
        0
      ],
      [
        0,
        1130,
        2,
        0,
        0,
        0,
        1,
        1,
        1,
        0
      ],
      [
        2,
        1,
        1018,
        1,
        1,
        0,
        0,
        8,
        1,
        0
      ],
      [
        0,
        0,
        1,
        1005,
        0,
        0,
        0,
        2,
        2,
        0
      ],
      [
        0,
        0,
        0,
        0,
        965,
        0,
        3,
        1,
        1,
        12
      ],
      [
        1,
        0,
        0,
        5,
        0,
        884,
        1,
        1,
        0,
        0
      ],
      [
        3,
        2,
        0,
        0,
        1,
        1,
        949,
        0,
        2,
        0
      ],
      [
        0,
        5,
        8,
        0,
        1,
        0,
        0,
        1012,
        1,
        1
      ],
      [
        4,
        0,
        1,
        0,
        1,
        1,
        0,
        2,
        963,
        2
      ],
      [
        1,
        1,
        0,
        0,
        5,
        2,
        1,
        3,
        1,
        995
      ]
    ],
    "supports": [
      980.0,
      1135.0,
      1032.0,
      1010.0,
      982.0,
      892.0,
      958.0,
      1028.0,
      974.0,
      1009.0
    ]
  }
}