{
  "meta": {
    "timestamp_utc": "2025-09-18T18:57:21Z",
    "file": "p6.2.json",
    "arch": "2.2.2",
    "n_features": 784,
    "hidden": 512,
    "n_classes": 10,
    "centered_eval": true,
    "n_test": 10000
  },
  "metrics": {
    "n_samples": 10000,
    "accuracy": 0.9917,
    "top3_accuracy": 0.9997,
    "nll": 0.02595077553987503,
    "per_class_accuracy": [
      0.9948979616165161,
      0.9973568320274353,
      0.9922480583190918,
      0.9930692911148071,
      0.994908332824707,
      0.9887892603874207,
      0.9895615577697754,
      0.9892995953559875,
      0.9866529703140259,
      0.9890981316566467
    ],
    "precision": [
      0.9908536672592163,
      0.993854284286499,
      0.9912875294685364,
      0.9901283383369446,
      0.9898682832717896,
      0.9921259880065918,
      0.9937106966972351,
      0.9902629256248474,
      0.9917440414428711,
      0.993034839630127
    ],
    "recall": [
      0.9948979616165161,
      0.9973568320274353,
      0.9922480583190918,
      0.9930692911148071,
      0.994908332824707,
      0.9887892603874207,
      0.9895615577697754,
      0.9892995953559875,
      0.9866529703140259,
      0.9890981316566467
    ],
    "f1": [
      0.9928716960182686,
      0.9956024776597319,
      0.9917675613253443,
      0.9915966341052677,
      0.9923819088143774,
      0.9904548139427024,
      0.9916317870946765,
      0.9897810260938786,
      0.9891919553718805,
      0.9910625763018106
    ],
    "macro_f1": 0.991634243672794,
    "weighted_f1": 0.991697777735033,
    "confusion_matrix": [
      [
        975,
        0,
        0,
        0,
        0,
        0,
        2,
        1,
        2,
        0
      ],
      [
        0,
        1132,
        1,
        0,
        0,
        0,
        1,
        1,
        0,
        0
      ],
      [
        1,
        2,
        1024,
        1,
        1,
        0,
        0,
        2,
        1,
        0
      ],
      [
        1,
        0,
        1,
        1003,
        0,
        2,
        0,
        1,
        1,
        1
      ],
      [
        0,
        0,
        1,
        0,
        977,
        0,
        1,
        0,
        0,
        3
      ],
      [
        1,
        0,
        0,
        4,
        0,
        882,
        2,
        1,
        1,
        1
      ],
      [
        3,
        2,
        0,
        0,
        2,
        2,
        948,
        0,
        1,
        0
      ],
      [
        0,
        3,
        5,
        1,
        1,
        0,
        0,
        1017,
        1,
        0
      ],
      [
        3,
        0,
        1,
        3,
        0,
        1,
        0,
        3,
        961,
        2
      ],
      [
        0,
        0,
        0,
        1,
        6,
        2,
        0,
        1,
        1,
        998
      ]
    ],
    "supports": [
      980.0,
      1135.0,
      1032.0,
      1010.0,
      982.0,
      892.0,
      958.0,
      1028.0,
      974.0,
      1009.0
    ]
  }
}