{
  "meta": {
    "timestamp_utc": "2025-09-18T18:06:48Z",
    "file": "p6.json",
    "arch": "2.2.0",
    "n_features": 784,
    "hidden": 512,
    "n_classes": 10,
    "centered_eval": true,
    "n_test": 10000
  },
  "metrics": {
    "n_samples": 10000,
    "accuracy": 0.9845,
    "top3_accuracy": 0.9995,
    "nll": 0.16885731995105743,
    "per_class_accuracy": [
      0.9938775300979614,
      0.9964757561683655,
      0.9835271239280701,
      0.9831683039665222,
      0.9786150455474854,
      0.9876681566238403,
      0.9874739050865173,
      0.9766536951065063,
      0.9804928302764893,
      0.9762140512466431
    ],
    "precision": [
      0.9838383793830872,
      0.986050546169281,
      0.9835271239280701,
      0.9890438318252563,
      0.9886831045150757,
      0.988776683807373,
      0.9895397424697876,
      0.9814271926879883,
      0.9825102686882019,
      0.972359299659729
    ],
    "recall": [
      0.9938775300979614,
      0.9964757561683655,
      0.9835271239280701,
      0.9831683039665222,
      0.9786150455474854,
      0.9876681566238403,
      0.9874739050865173,
      0.9766536951065063,
      0.9804928302764893,
      0.9762140512466431
    ],
    "f1": [
      0.9888324747040356,
      0.9912357404344998,
      0.9835271239280701,
      0.9860973158384934,
      0.9836233123345149,
      0.9882221093461881,
      0.9885057444522461,
      0.9790346253737884,
      0.9815005127907206,
      0.9742828626355187
    ],
    "macro_f1": 0.9844861821838077,
    "weighted_f1": 0.9844947891669958,
    "confusion_matrix": [
      [
        974,
        0,
        1,
        0,
        0,
        1,
        1,
        1,
        2,
        0
      ],
      [
        0,
        1131,
        3,
        0,
        0,
        0,
        1,
        0,
        0,
        0
      ],
      [
        4,
        0,
        1015,
        1,
        1,
        0,
        0,
        5,
        6,
        0
      ],
      [
        1,
        1,
        2,
        993,
        0,
        4,
        0,
        4,
        4,
        1
      ],
      [
        0,
        0,
        1,
        0,
        961,
        0,
        4,
        1,
        0,
        15
      ],
      [
        2,
        0,
        0,
        5,
        0,
        881,
        1,
        2,
        0,
        1
      ],
      [
        3,
        4,
        0,
        0,
        1,
        1,
        946,
        0,
        3,
        0
      ],
      [
        0,
        8,
        7,
        0,
        1,
        0,
        0,
        1004,
        1,
        7
      ],
      [
        2,
        1,
        3,
        1,
        2,
        2,
        2,
        2,
        955,
        4
      ],
      [
        4,
        2,
        0,
        4,
        6,
        2,
        1,
        4,
        1,
        985
      ]
    ],
    "supports": [
      980.0,
      1135.0,
      1032.0,
      1010.0,
      982.0,
      892.0,
      958.0,
      1028.0,
      974.0,
      1009.0
    ]
  }
}